{"cameraMode":{"drawMode":0,"name":"Shaded","section":"Shading Mode"},"sceneLighting":false,"audioPlay":false,"sceneViewState":{"m_AlwaysRefresh":false,"showFog":true,"showSkybox":true,"showFlares":true,"showImageEffects":true,"showParticleSystems":true,"showVisualEffectGraphs":true,"m_FxEnabled":true},"in2DMode":false,"pivot":{"x":3.1759626865386965,"y":18.414152145385743,"z":14.452581405639649},"rotation":{"x":-0.023513803258538247,"y":0.9084498882293701,"z":-0.4142285883426666,"w":-0.051562268286943439},"size":0.2797565460205078,"orthographic":false}